age_bin,no,yes
18-24,3851.247832529954,27796.537757666665
25-29,5532.617308938053,26875.337194615386
30-34,5774.409345588235,29752.136608999997
35-39,6929.3347715463915,30827.435492857145
40-44,8131.466685196079,31823.04822939394
45-49,10116.309853913044,33601.102333103445
50-54,12347.25991965812,37216.93421461539
55-64,14064.82749235,39696.36543904762
