bmi_cat,no,yes
underweight,5532.992453333333,18809.824979999998
normal,7685.656014,19942.2236414
overweight,8257.961954996794,22495.87416337838
obese,8855.531348680926,41557.98983986207
