smoker,count,mean,median,std
no,1064,8434.268297856202,7345.4053,5993.781819194935
yes,274,32050.23183153285,34456.348450000005,11541.547175589123
